,0,1,2,3,4
0,104.13892149925232,30.612732768058777,合欢树街,2.6,12.6
1,104.13883030414581,30.612587928771973,合欢树街,2.6,12.6
2,104.13858890533447,30.612325072288513,合欢树街,2.6,12.6
3,104.13849771022797,30.612207055091858,合欢树街,2.6,12.6
4,104.13818120956421,30.611799359321594,合欢树街,2.6,12.6
5,104.13791298866272,30.611343383789062,合欢树街,2.6,12.6
6,104.13730680942535,30.610463619232178,合欢树街,2.6,12.6
7,104.13719415664673,30.610302686691284,合欢树街,2.6,12.6
8,104.13687765598297,30.609776973724365,合欢树街,2.6,12.6
9,104.13680791854858,30.609573125839233,合欢树街,2.6,12.6
10,104.13675963878632,30.60940682888031,合欢树街,2.6,12.6
11,104.13675427436829,30.609331727027893,合欢树街,2.6,12.6
12,104.13675963878632,30.609229803085327,合欢树街,2.6,12.6
13,104.1367381811142,30.608741641044617,合欢树街,2.6,12.6
14,104.13671135902405,30.608607530593872,合欢树街,2.6,12.6
15,104.13666844367981,30.60844123363495,合欢树街,2.6,12.6
16,104.13661479949951,30.608355402946472,合欢树街,2.6,12.6
17,104.13640022277832,30.608044266700745,合欢树街,2.6,12.6
18,104.13631975650787,30.60791015625,合欢树街,2.6,12.6
19,104.13604080677032,30.607518553733826,合欢树街,2.6,12.6
20,104.135622382164,30.60693383216858,合欢树街,2.6,12.6
21,104.13520932197571,30.60640275478363,合欢树街,2.6,12.6
22,104.13515567779541,30.606338381767273,合欢树街,2.6,12.6
23,104.13496792316437,30.60612916946411,合欢树街,2.6,12.6
24,104.1345226764679,30.60567319393158,合欢树街,2.6,12.6
25,104.13390576839447,30.60514211654663,合欢树街,2.6,12.6
26,104.1338038444519,30.605067014694214,合欢树街,2.6,12.6
27,104.13328886032104,30.604712963104248,合欢树街,2.6,12.6
28,104.13311719894409,30.604600310325623,合欢树街,2.6,12.6
29,104.13222670555115,30.604112148284912,合欢树街,2.6,12.6
30,104.13201749324799,30.604020953178406,合欢树街,2.6,12.6
31,104.1314435005188,30.603731274604797,合欢树街,2.6,12.6
32,104.13054764270782,30.603264570236206,合欢树街,2.6,12.6
33,104.1297858953476,30.60289442539215,合欢树街,2.6,12.6
34,104.1295176744461,30.602776408195496,合欢树街,2.6,12.6
35,104.12934601306915,30.602722764015198,合欢树街,2.6,12.6
36,104.12912607192993,30.60267448425293,合欢树街,2.6,12.6
37,104.1290134191513,30.60266375541687,合欢树街,2.6,12.6
38,104.12875592708588,30.60266375541687,合欢树街,2.6,12.6
39,104.12846088409424,30.602712035179138,合欢树街,2.6,12.6
40,104.12841796875,30.602717399597168,合欢树街,2.6,12.6
41,104.12824630737305,30.602776408195496,合欢树街,2.6,12.6
42,104.128058552742,30.602867603302002,合欢树街,2.6,12.6
43,104.12794053554535,30.60293734073639,合欢树街,2.6,12.6
44,104.12753283977509,30.603237748146057,合欢树街,2.6,12.6
45,104.12700176239014,30.60362935066223,合欢树街,2.6,12.6
46,104.12632048130035,30.60417115688324,合欢树街,2.6,12.6
47,104.12593424320221,30.604460835456848,合欢树街,2.6,12.6
48,104.12561774253845,30.60470759868622,合欢树街,2.6,12.6
49,104.12554264068604,30.604771971702576,合欢树街,2.6,12.6
50,104.12515640258789,30.605056285858154,合欢树街,2.6,12.6
51,104.12501156330109,30.605211853981018,合欢树街,2.6,12.6
52,104.12498474121094,30.605297684669495,合欢树街,2.6,12.6
53,103.95553350448608,30.6046324968338,武兴路,2.2,18.7
54,103.95505607128143,30.604997277259827,武兴路,2.2,18.7
55,103.9545464515686,30.605324506759644,武兴路,2.2,18.7
56,103.9545464515686,30.605324506759644,武兴路,2.2,18.7
57,103.95451962947845,30.60537815093994,武兴路,2.2,18.7
58,103.9544928073883,30.60541570186615,武兴路,2.2,18.7
59,103.95407438278198,30.605796575546265,武兴路,2.2,18.7
60,103.95397245883942,30.60590922832489,武兴路,2.2,18.7
61,103.95389199256897,30.606016516685486,武兴路,2.2,18.7
62,103.95381689071655,30.60613989830017,武兴路,2.2,18.7
63,103.95371496677399,30.606327652931213,武兴路,2.2,18.7
64,103.95363986492157,30.606483221054077,武兴路,2.2,18.7
65,103.95358085632324,30.606649518013,武兴路,2.2,18.7
66,103.95352184772491,30.60689091682434,武兴路,2.2,18.7
67,103.95349502563477,30.607073307037354,武兴路,2.2,18.7
68,103.95347356796265,30.607320070266724,武兴路,2.2,18.7
69,103.9534842967987,30.60762047767639,武兴路,2.2,18.7
70,103.9535003900528,30.607749223709106,武兴路,2.2,18.7
71,103.953537940979,30.60787796974182,武兴路,2.2,18.7
72,103.95354866981506,30.60791015625,武兴路,2.2,18.7
73,103.95358085632324,30.607995986938477,武兴路,2.2,18.7
74,103.95370960235596,30.60819983482361,武兴路,2.2,18.7
75,103.95234704017639,30.60815155506134,武兴路,2.2,18.7
76,103.95263671875,30.608280301094055,武兴路,2.2,18.7
77,103.95403146743774,30.60890793800354,武兴路,2.2,18.7
78,103.95538866519928,30.609460473060608,武兴路,2.2,18.7
79,103.95570516586304,30.6096214056015,武兴路,2.2,18.7
80,103.95587682723999,30.609744787216187,武兴路,2.2,18.7
81,103.95645081996918,30.610007643699646,武兴路,2.2,18.7
82,103.95686388015747,30.61020076274872,武兴路,2.2,18.7
83,103.95750761032104,30.610474348068237,武兴路,2.2,18.7
84,103.9577329158783,30.610592365264893,武兴路,2.2,18.7
85,103.95795285701752,30.610726475715637,武兴路,2.2,18.7
86,103.9580225944519,30.610806941986084,武兴路,2.2,18.7
87,103.9582908153534,30.610828399658203,武兴路,2.2,18.7
88,103.95887017250061,30.611107349395752,武兴路,2.2,18.7
89,103.96021127700806,30.611724257469177,武兴路,2.2,18.7
90,103.96038830280304,30.611799359321594,武兴路,2.2,18.7
91,103.96083354949951,30.611992478370667,武兴路,2.2,18.7
92,103.96144509315491,30.612260699272156,武兴路,2.2,18.7
93,103.96241068840027,30.61267375946045,武兴路,2.2,18.7
94,103.96242678165436,30.612791776657104,武兴路,2.2,18.7
95,103.96352112293243,30.613285303115845,武兴路,2.2,18.7
96,103.96639108657837,30.614588856697083,武兴路,2.2,18.7
97,103.96647691726685,30.61462640762329,武兴路,2.2,18.7
98,103.96672368049622,30.614739060401917,武兴路,2.2,18.7
99,103.96799504756927,30.615313053131104,武兴路,2.2,18.7
100,103.96861732006073,30.615602731704712,武兴路,2.2,18.7
101,103.9687031507492,30.61564564704895,武兴路,2.2,18.7
102,103.96894991397858,30.615752935409546,武兴路,2.2,18.7
103,103.96894991397858,30.615752935409546,武兴路,2.2,18.7
104,103.96987795829773,30.61617136001587,武兴路,2.2,18.7
105,103.97023737430573,30.616332292556763,武兴路,2.2,18.7
106,103.97063970565796,30.616514682769775,武兴路,2.2,18.7
107,103.97217392921448,30.617206692695618,武兴路,2.2,18.7
108,103.97330045700073,30.617710947990417,武兴路,2.2,18.7
109,103.97445917129517,30.618231296539307,武兴路,2.2,18.7
110,103.97452354431152,30.618263483047485,武兴路,2.2,18.7
111,103.974609375,30.618301033973694,武兴路,2.2,18.7
112,103.97515118122101,30.618547797203064,武兴路,2.2,18.7
113,103.97591292858124,30.618896484375,武兴路,2.2,18.7
114,103.97639572620392,30.61911106109619,武兴路,2.2,18.7
115,103.97645473480225,30.61913788318634,武兴路,2.2,18.7
116,103.97761344909668,30.61966896057129,武兴路,2.2,18.7
117,103.97832155227661,30.619980096817017,武兴路,2.2,18.7
118,103.97960901260376,30.620564818382263,武兴路,2.2,18.7
119,103.98150265216827,30.621417760849,武兴路,2.2,18.7
120,103.98199617862701,30.62165379524231,武兴路,2.2,18.7
121,103.98360550403595,30.6223726272583,武兴路,2.2,18.7
122,103.98371815681458,30.6224262714386,武兴路,2.2,18.7
123,103.98504316806793,30.623005628585815,武兴路,2.2,18.7
124,104.07517075538635,30.5659818649292,G4201成都绕城高速,1.7,53.2
125,104.07492399215698,30.56597113609314,G4201成都绕城高速,1.7,53.2
126,104.07362043857574,30.565906763076782,G4201成都绕城高速,1.7,53.2
127,104.07188773155212,30.565858483314514,G4201成都绕城高速,1.7,53.2
128,104.07152831554413,30.565847754478455,G4201成都绕城高速,1.7,53.2
129,104.07092213630676,30.565826296806335,G4201成都绕城高速,1.7,53.2
130,104.06992435455322,30.565804839134216,G4201成都绕城高速,1.7,53.2
131,104.06487107276917,30.565659999847412,G4201成都绕城高速,1.7,53.2
132,104.06417906284332,30.565654635429382,G4201成都绕城高速,1.7,53.2
133,104.06325101852417,30.565649271011353,G4201成都绕城高速,1.7,53.2
134,104.0625,30.565665364265442,G4201成都绕城高速,1.7,53.2
135,104.06237125396729,30.56567072868347,G4201成都绕城高速,1.7,53.2
136,104.06170070171356,30.56570291519165,G4201成都绕城高速,1.7,53.2
137,104.06103551387787,30.56575119495392,G4201成都绕城高速,1.7,53.2
138,104.06012892723083,30.565847754478455,G4201成都绕城高速,1.7,53.2
139,104.05857861042023,30.566099882125854,G4201成都绕城高速,1.7,53.2
140,104.05779004096985,30.566271543502808,G4201成都绕城高速,1.7,53.2
141,104.05710875988007,30.56643784046173,G4201成都绕城高速,1.7,53.2
142,104.05534386634827,30.566915273666382,G4201成都绕城高速,1.7,53.2
143,104.05442118644714,30.56718349456787,G4201成都绕城高速,1.7,53.2
144,104.05104160308838,30.568149089813232,G4201成都绕城高速,1.7,53.2
145,104.04878318309784,30.568776726722717,G4201成都绕城高速,1.7,53.2
146,104.0413910150528,30.570858120918274,G4201成都绕城高速,1.7,53.2
147,104.04052734375,30.571104884147644,G4201成都绕城高速,1.7,53.2
148,104.04037714004517,30.571147799491882,G4201成都绕城高速,1.7,53.2
149,104.03889656066895,30.571555495262146,G4201成都绕城高速,1.7,53.2
150,104.03671324253082,30.5721777677536,G4201成都绕城高速,1.7,53.2
151,104.03601586818695,30.572376251220703,G4201成都绕城高速,1.7,53.2
152,104.03466939926147,30.572757124900818,G4201成都绕城高速,1.7,53.2
153,104.03413832187653,30.572907328605652,G4201成都绕城高速,1.7,53.2
154,104.03360188007355,30.573057532310486,G4201成都绕城高速,1.7,53.2
155,104.03282940387726,30.573288202285767,G4201成都绕城高速,1.7,53.2
156,104.03207838535309,30.573513507843018,G4201成都绕城高速,1.7,53.2
157,104.03047978878021,30.574049949645996,G4201成都绕城高速,1.7,53.2
158,104.02924597263336,30.574505925178528,G4201成都绕城高速,1.7,53.2
159,104.02815163135529,30.574951171875,G4201成都绕城高速,1.7,53.2
160,104.02729868888855,30.575315952301025,G4201成都绕城高速,1.7,53.2
161,104.0262633562088,30.575798749923706,G4201成都绕城高速,1.7,53.2
162,104.02534067630768,30.576254725456238,G4201成都绕城高速,1.7,53.2
163,104.0239942073822,30.57696282863617,G4201成都绕城高速,1.7,53.2
164,104.02305543422699,30.577504634857178,G4201成都绕城高速,1.7,53.2
165,104.02075946331024,30.57895302772522,G4201成都绕城高速,1.7,53.2
166,104.02013182640076,30.579376816749573,G4201成都绕城高速,1.7,53.2
167,104.0185546875,30.580497980117798,G4201成都绕城高速,1.7,53.2
168,104.01820600032806,30.580744743347168,G4201成都绕城高速,1.7,53.2
169,104.01666641235352,30.581849813461304,G4201成都绕城高速,1.7,53.2
170,104.01566863059998,30.582568645477295,G4201成都绕城高速,1.7,53.2
171,104.01496589183807,30.583067536354065,G4201成都绕城高速,1.7,53.2
172,104.01383399963379,30.583840012550354,G4201成都绕城高速,1.7,53.2
173,104.01293277740479,30.584381818771362,G4201成都绕城高速,1.7,53.2
174,104.01234269142151,30.58470904827118,G4201成都绕城高速,1.7,53.2
175,104.01150584220886,30.585089921951294,G4201成都绕城高速,1.7,53.2
176,104.01080310344696,30.585384964942932,G4201成都绕城高速,1.7,53.2
177,104.0101808309555,30.585588812828064,G4201成都绕城高速,1.7,53.2
178,104.00949954986572,30.585776567459106,G4201成都绕城高速,1.7,53.2
179,104.00886654853821,30.58592677116394,G4201成都绕城高速,1.7,53.2
180,104.00880217552185,30.5859375,G4201成都绕城高速,1.7,53.2
181,104.00758981704712,30.586130619049072,G4201成都绕城高速,1.7,53.2
182,104.00731086730957,30.58615744113922,G4201成都绕城高速,1.7,53.2
183,104.00691390037537,30.5861896276474,G4201成都绕城高速,1.7,53.2
184,104.00635063648224,30.58622717857361,G4201成都绕城高速,1.7,53.2
185,104.00598585605621,30.586237907409668,G4201成都绕城高速,1.7,53.2
186,104.00489687919617,30.586264729499817,G4201成都绕城高速,1.7,53.2
187,104.00231122970581,30.58620572090149,G4201成都绕城高速,1.7,53.2
188,104.00187134742737,30.5861896276474,G4201成都绕城高速,1.7,53.2
189,103.99951636791229,30.586130619049072,G4201成都绕城高速,1.7,53.2
190,103.99723649024963,30.586071610450745,G4201成都绕城高速,1.7,53.2
191,103.99658203125,30.586055517196655,G4201成都绕城高速,1.7,53.2
192,103.99558961391449,30.586050152778625,G4201成都绕城高速,1.7,53.2
193,103.99510145187378,30.586050152778625,G4201成都绕城高速,1.7,53.2
194,103.99352967739105,30.586109161376953,G4201成都绕城高速,1.7,53.2
195,103.99232804775238,30.58622717857361,G4201成都绕城高速,1.7,53.2
196,103.99179697036743,30.586296916007996,G4201成都绕城高速,1.7,53.2
197,103.99117469787598,30.58640420436859,G4201成都绕城高速,1.7,53.2
198,103.99010181427002,30.586634874343872,G4201成都绕城高速,1.7,53.2
199,103.98942053318024,30.586817264556885,G4201成都绕城高速,1.7,53.2
200,103.98886799812317,30.58697819709778,G4201成都绕城高速,1.7,53.2
201,103.98809552192688,30.587241053581238,G4201成都绕城高速,1.7,53.2
202,103.98709237575531,30.58764338493347,G4201成都绕城高速,1.7,53.2
203,103.98636817932129,30.58797597885132,G4201成都绕城高速,1.7,53.2
204,103.98546695709229,30.58844804763794,G4201成都绕城高速,1.7,53.2
205,103.98454427719116,30.588989853858948,G4201成都绕城高速,1.7,53.2
206,103.98396492004395,30.589343905448914,G4201成都绕城高速,1.7,53.2
207,103.98288667201996,30.590068101882935,G4201成都绕城高速,1.7,53.2
208,103.98093402385712,30.59141993522644,G4201成都绕城高速,1.7,53.2
209,103.98093402385712,30.59141993522644,G4201成都绕城高速,1.7,53.2
210,103.98064970970154,30.591613054275513,G4201成都绕城高速,1.7,53.2
211,103.9782303571701,30.593281388282776,G4201成都绕城高速,1.7,53.2
212,103.97731304168701,30.59388756752014,G4201成都绕城高速,1.7,53.2
213,103.97579491138458,30.594847798347473,G4201成都绕城高速,1.7,53.2
214,103.974609375,30.595539808273315,G4201成都绕城高速,1.7,53.2
215,103.97429823875427,30.595722198486328,G4201成都绕城高速,1.7,53.2
216,103.97271037101746,30.596618056297302,G4201成都绕城高速,1.7,53.2
217,103.97213101387024,30.596923828125,G4201成都绕城高速,1.7,53.2
218,103.97076308727264,30.59763193130493,G4201成都绕城高速,1.7,53.2
219,103.96938979625702,30.598297119140625,G4201成都绕城高速,1.7,53.2
220,103.96736741065979,30.59920907020569,G4201成都绕城高速,1.7,53.2
221,103.96651983261108,30.599589943885803,G4201成都绕城高速,1.7,53.2
222,103.96584928035736,30.59987962245941,G4201成都绕城高速,1.7,53.2
223,103.9652967453003,30.600121021270752,G4201成都绕城高速,1.7,53.2
224,103.96235704421997,30.60141921043396,G4201成都绕城高速,1.7,53.2
225,103.9582371711731,30.603243112564087,G4201成都绕城高速,1.7,53.2
226,103.9563649892807,30.60416042804718,G4201成都绕城高速,1.7,53.2
227,103.95585536956787,30.6044340133667,G4201成都绕城高速,1.7,53.2
228,103.95553350448608,30.6046324968338,G4201成都绕城高速,1.7,53.2
229,103.95487904548645,30.605013370513916,G4201成都绕城高速,1.7,53.2
230,103.95450353622437,30.605249404907227,G4201成都绕城高速,1.7,53.2
231,103.95408511161804,30.605539083480835,G4201成都绕城高速,1.7,53.2
232,103.95311415195465,30.606247186660767,G4201成都绕城高速,1.7,53.2
233,103.95263671875,30.60666561126709,G4201成都绕城高速,1.7,53.2
234,103.95190715789795,30.607303977012634,G4201成都绕城高速,1.7,53.2
235,103.95131170749664,30.60791015625,G4201成都绕城高速,1.7,53.2
236,103.95090937614441,30.608333945274353,G4201成都绕城高速,1.7,53.2
237,103.95054996013641,30.608747005462646,G4201成都绕城高速,1.7,53.2
238,103.95006716251373,30.609342455863953,G4201成都绕城高速,1.7,53.2
239,103.94939124584198,30.610286593437195,G4201成都绕城高速,1.7,53.2
240,103.94915521144867,30.61064600944519,G4201成都绕城高速,1.7,53.2
241,103.94889235496521,30.611085891723633,G4201成都绕城高速,1.7,53.2
242,103.94877433776855,30.611289739608765,G4201成都绕城高速,1.7,53.2
243,103.94846856594086,30.611842274665833,G4201成都绕城高速,1.7,53.2
244,103.9481520652771,30.612486004829407,G4201成都绕城高速,1.7,53.2
245,103.94783020019531,30.613258481025696,G4201成都绕城高速,1.7,53.2
246,103.94762635231018,30.613800287246704,G4201成都绕城高速,1.7,53.2
247,103.94745469093323,30.614309906959534,G4201成都绕城高速,1.7,53.2
248,103.94721865653992,30.615103840827942,G4201成都绕城高速,1.7,53.2
249,103.94706845283508,30.615720748901367,G4201成都绕城高速,1.7,53.2
250,103.94686996936798,30.61667025089264,G4201成都绕城高速,1.7,53.2
251,103.94665539264679,30.617796778678894,G4201成都绕城高速,1.7,53.2
252,103.94647300243378,30.618896484375,G4201成都绕城高速,1.7,53.2
253,103.94549667835236,30.624770522117615,G4201成都绕城高速,1.7,53.2
254,103.94499242305756,30.62711477279663,G4201成都绕城高速,1.7,53.2
255,103.94452571868896,30.6288743019104,G4201成都绕城高速,1.7,53.2
256,103.94423067569733,30.6298828125,G4201成都绕城高速,1.7,53.2
257,103.94420921802521,30.629947185516357,G4201成都绕城高速,1.7,53.2
258,103.94372642040253,30.631433129310608,G4201成都绕城高速,1.7,53.2
259,103.94323825836182,30.632811784744263,G4201成都绕城高速,1.7,53.2
260,103.94183278083801,30.636556148529053,G4201成都绕城高速,1.7,53.2
261,103.94125878810883,30.63812255859375,G4201成都绕城高速,1.7,53.2
262,103.94099593162537,30.63887357711792,G4201成都绕城高速,1.7,53.2
263,103.9405345916748,30.640279054641724,G4201成都绕城高速,1.7,53.2
264,103.94035756587982,30.640869140625,G4201成都绕城高速,1.7,53.2
265,103.94023954868317,30.641244649887085,G4201成都绕城高速,1.7,53.2
266,103.94015371799469,30.641663074493408,G4201成都绕城高速,1.7,53.2
267,103.93992304801941,30.642768144607544,G4201成都绕城高速,1.7,53.2
268,103.93976747989655,30.643674731254578,G4201成都绕城高速,1.7,53.2
269,103.93963873386383,30.64457058906555,G4201成都绕城高速,1.7,53.2
270,103.93954753875732,30.6454074382782,G4201成都绕城高速,1.7,53.2
271,103.93948316574097,30.646432042121887,G4201成都绕城高速,1.7,53.2
272,103.9394348859787,30.648223757743835,G4201成都绕城高速,1.7,53.2
273,103.93941879272461,30.65185546875,G4201成都绕城高速,1.7,53.2
274,103.93940806388855,30.65334141254425,G4201成都绕城高速,1.7,53.2
275,103.93939197063446,30.654752254486084,G4201成都绕城高速,1.7,53.2
276,103.93936514854431,30.655508637428284,G4201成都绕城高速,1.7,53.2
277,103.93929541110992,30.656656622886658,G4201成都绕城高速,1.7,53.2
278,103.93919348716736,30.657654404640198,G4201成都绕城高速,1.7,53.2
279,103.93903255462646,30.6588077545166,G4201成都绕城高速,1.7,53.2
280,103.9389306306839,30.65937101840973,G4201成都绕城高速,1.7,53.2
281,103.93869996070862,30.660438537597656,G4201成都绕城高速,1.7,53.2
282,103.93854439258575,30.66106081008911,G4201成都绕城高速,1.7,53.2
283,103.93824934959412,30.66210687160492,G4201成都绕城高速,1.7,53.2
284,103.93813669681549,30.662477016448975,G4201成都绕城高速,1.7,53.2
285,103.93801867961884,30.662841796875,G4201成都绕城高速,1.7,53.2
286,103.93762171268463,30.664000511169434,G4201成都绕城高速,1.7,53.2
287,103.93677949905396,30.66635549068451,G4201成都绕城高速,1.7,53.2
288,103.93596947193146,30.6685870885849,G4201成都绕城高速,1.7,53.2
289,103.93527209758759,30.67053973674774,G4201成都绕城高速,1.7,53.2
290,103.93527209758759,30.67053973674774,G4201成都绕城高速,1.7,53.2
291,103.93513262271881,30.670968890190125,G4201成都绕城高速,1.7,53.2
292,103.93478393554688,30.672025680541992,G4201成都绕城高速,1.7,53.2
293,103.93430650234222,30.673667192459106,G4201成都绕城高速,1.7,53.2
294,103.93426895141602,30.673828125,G4201成都绕城高速,1.7,53.2
295,103.93411338329315,30.674450397491455,G4201成都绕城高速,1.7,53.2
296,103.93411338329315,30.674450397491455,G4201成都绕城高速,1.7,53.2
297,103.93388271331787,30.675437450408936,G4201成都绕城高速,1.7,53.2
298,103.93352329730988,30.677272081375122,G4201成都绕城高速,1.7,53.2
299,103.93343210220337,30.67781925201416,G4201成都绕城高速,1.7,53.2
300,103.93326580524445,30.678999423980713,G4201成都绕城高速,1.7,53.2
301,103.93312633037567,30.68009912967682,G4201成都绕城高速,1.7,53.2
302,103.93265426158905,30.684814453125,G4201成都绕城高速,1.7,53.2
303,103.93261671066284,30.685173869132996,G4201成都绕城高速,1.7,53.2
304,103.93246114253998,30.686740279197693,G4201成都绕城高速,1.7,53.2
305,103.93240213394165,30.687389373779297,G4201成都绕城高速,1.7,53.2
306,103.9323377609253,30.68803310394287,G4201成都绕城高速,1.7,53.2
307,103.93225193023682,30.68908452987671,G4201成都绕城高速,1.7,53.2
308,103.93218219280243,30.69083333015442,G4201成都绕城高速,1.7,53.2
309,103.93217146396637,30.691182017326355,G4201成都绕城高速,1.7,53.2
310,103.93216609954834,30.69126784801483,G4201成都绕城高速,1.7,53.2
311,103.93216609954834,30.691359043121338,G4201成都绕城高速,1.7,53.2
312,103.93217146396637,30.69284498691559,G4201成都绕城高速,1.7,53.2
313,103.93221437931061,30.693933963775635,G4201成都绕城高速,1.7,53.2
314,103.9323216676712,30.695489645004272,G4201成都绕城高速,1.7,53.2
315,103.93234848976135,30.69580078125,G4201成都绕城高速,1.7,53.2
316,103.93235385417938,30.69583296775818,G4201成都绕城高速,1.7,53.2
317,103.93240213394165,30.696364045143127,G4201成都绕城高速,1.7,53.2
318,103.93246650695801,30.696889758110046,G4201成都绕城高速,1.7,53.2
319,103.9325362443924,30.697474479675293,G4201成都绕城高速,1.7,53.2
320,103.93275618553162,30.698933601379395,G4201成都绕城高速,1.7,53.2
321,103.93324434757233,30.701680183410645,G4201成都绕城高速,1.7,53.2
322,103.93367350101471,30.70400834083557,G4201成都绕城高速,1.7,53.2
323,103.93382370471954,30.704947113990784,G4201成都绕城高速,1.7,53.2
324,103.93408119678497,30.706701278686523,G4201成都绕城高速,1.7,53.2
325,103.93409192562103,30.706787109375,G4201成都绕城高速,1.7,53.2
326,103.93425822257996,30.708208680152893,G4201成都绕城高速,1.7,53.2
327,103.93442988395691,30.71003258228302,G4201成都绕城高速,1.7,53.2
328,103.93456399440765,30.712344646453857,G4201成都绕城高速,1.7,53.2
329,103.93460154533386,30.7137930393219,G4201成都绕城高速,1.7,53.2
330,103.93464982509613,30.71675419807434,G4201成都绕城高速,1.7,53.2
331,103.93466591835022,30.7177734375,G4201成都绕城高速,1.7,53.2
332,103.93467128276825,30.718358159065247,G4201成都绕城高速,1.7,53.2
333,103.93470883369446,30.719146728515625,G4201成都绕城高速,1.7,53.2
334,103.9346981048584,30.71955978870392,G4201成都绕城高速,1.7,53.2
335,103.9347517490387,30.720847249031067,G4201成都绕城高速,1.7,53.2
336,103.93484830856323,30.722397565841675,G4201成都绕城高速,1.7,53.2
337,103.93491804599762,30.723196864128113,G4201成都绕城高速,1.7,53.2
338,103.93493950366974,30.723416805267334,G4201成都绕城高速,1.7,53.2
339,103.93496096134186,30.723642110824585,G4201成都绕城高速,1.7,53.2
340,103.9350950717926,30.724897384643555,G4201成都绕城高速,1.7,53.2
341,103.93513262271881,30.725213885307312,G4201成都绕城高速,1.7,53.2
342,103.93522918224335,30.725921988487244,G4201成都绕城高速,1.7,53.2
343,103.9354920387268,30.72776734828949,G4201成都绕城高速,1.7,53.2
344,103.93565833568573,30.728711485862732,G4201成都绕城高速,1.7,53.2
345,103.93566370010376,30.728759765625,G4201成都绕城高速,1.7,53.2
346,103.93571734428406,30.729135274887085,G4201成都绕城高速,1.7,53.2
347,103.93613040447235,30.731173753738403,G4201成都绕城高速,1.7,53.2
348,103.93624305725098,30.73172628879547,G4201成都绕城高速,1.7,53.2
349,103.93786311149597,30.73974609375,G4201成都绕城高速,1.7,53.2
350,103.93788456916809,30.739853382110596,G4201成都绕城高速,1.7,53.2
351,103.93820106983185,30.741178393363953,G4201成都绕城高速,1.7,53.2
352,103.93841028213501,30.7419615983963,G4201成都绕城高速,1.7,53.2
353,103.93850147724152,30.742288827896118,G4201成都绕城高速,1.7,53.2
354,103.93885552883148,30.743356347084045,G4201成都绕城高速,1.7,53.2
355,103.93905401229858,30.743849873542786,G4201成都绕城高速,1.7,53.2
356,103.93934369087219,30.74451506137848,G4201成都绕城高速,1.7,53.2
357,103.93958508968353,30.74502468109131,G4201成都绕城高速,1.7,53.2
358,103.93977284431458,30.745410919189453,G4201成都绕城高速,1.7,53.2
359,103.94005179405212,30.745925903320312,G4201成都绕城高速,1.7,53.2
360,103.94060969352722,30.746880769729614,G4201成都绕城高速,1.7,53.2
361,103.94093155860901,30.747379660606384,G4201成都绕城高速,1.7,53.2
362,103.94110858440399,30.747642517089844,G4201成都绕城高速,1.7,53.2
363,103.94184350967407,30.74870467185974,G4201成都绕城高速,1.7,53.2
364,103.94331336021423,30.750732421875,G4201成都绕城高速,1.7,53.2
365,103.94443988800049,30.752304196357727,G4201成都绕城高速,1.7,53.2
366,103.94508898258209,30.753183960914612,G4201成都绕城高速,1.7,53.2
367,103.9454698562622,30.75371503829956,G4201成都绕城高速,1.7,53.2
368,103.94608676433563,30.754567980766296,G4201成都绕城高速,1.7,53.2
369,103.94702017307281,30.755860805511475,G4201成都绕城高速,1.7,53.2
370,103.94730985164642,30.75626850128174,G4201成都绕城高速,1.7,53.2
371,103.94730985164642,30.75626850128174,G4201成都绕城高速,1.7,53.2
372,103.9477390050888,30.756847858428955,G4201成都绕城高速,1.7,53.2
373,103.94843637943268,30.75775980949402,G4201成都绕城高速,1.7,53.2
374,103.94948244094849,30.759068727493286,G4201成都绕城高速,1.7,53.2
375,103.95079135894775,30.760592222213745,G4201成都绕城高速,1.7,53.2
376,103.95141899585724,30.761300325393677,G4201成都绕城高速,1.7,53.2
377,103.95181596279144,30.76171875,G4201成都绕城高速,1.7,53.2
378,103.95223438739777,30.762158632278442,G4201成都绕城高速,1.7,53.2
379,103.95263671875,30.762566328048706,G4201成都绕城高速,1.7,53.2
380,103.95265817642212,30.762587785720825,G4201成都绕城高速,1.7,53.2
381,103.95401000976562,30.76392352581024,G4201成都绕城高速,1.7,53.2
382,103.9565634727478,30.766321420669556,G4201成都绕城高速,1.7,53.2
383,103.96170258522034,30.771074295043945,G4201成都绕城高速,1.7,53.2
384,103.9624696969986,30.771798491477966,G4201成都绕城高速,1.7,53.2
385,103.96349430084229,30.772705078125,G4201成都绕城高速,1.7,53.2
386,103.96374642848969,30.77292501926422,G4201成都绕城高速,1.7,53.2
387,103.96470665931702,30.7737135887146,G4201成都绕城高速,1.7,53.2
388,103.96509289741516,30.774008631706238,G4201成都绕城高速,1.7,53.2
389,103.96607995033264,30.77469527721405,G4201成都绕城高速,1.7,53.2
390,103.9665949344635,30.775033235549927,G4201成都绕城高速,1.7,53.2
391,103.96723866462708,30.77540874481201,G4201成都绕城高速,1.7,53.2
392,103.96811842918396,30.775870084762573,G4201成都绕城高速,1.7,53.2
393,103.96893918514252,30.776261687278748,G4201成都绕城高速,1.7,53.2
394,103.96958827972412,30.776540637016296,G4201成都绕城高速,1.7,53.2
395,103.97050559520721,30.776894688606262,G4201成都绕城高速,1.7,53.2
396,103.97155702114105,30.7772433757782,G4201成都绕城高速,1.7,53.2
397,103.97295713424683,30.777618885040283,G4201成都绕城高速,1.7,53.2
398,103.97406220436096,30.777849555015564,G4201成都绕城高速,1.7,53.2
399,103.974609375,30.7779461145401,G4201成都绕城高速,1.7,53.2
400,103.97478103637695,30.77797830104828,G4201成都绕城高速,1.7,53.2
401,103.97664248943329,30.778257250785828,G4201成都绕城高速,1.7,53.2
402,103.97939443588257,30.778611302375793,G4201成都绕城高速,1.7,53.2
403,103.9847320318222,30.779292583465576,G4201成都绕城高速,1.7,53.2
404,103.98483395576477,30.779303312301636,G4201成都绕城高速,1.7,53.2
405,103.99095475673676,30.780086517333984,G4201成都绕城高速,1.7,53.2
406,103.99178624153137,30.78018307685852,G4201成都绕城高速,1.7,53.2
407,103.99353504180908,30.780360102653503,G4201成都绕城高速,1.7,53.2
408,103.99428606033325,30.78042984008789,G4201成都绕城高速,1.7,53.2
409,103.99630844593048,30.780580043792725,G4201成都绕城高速,1.7,53.2
410,103.99658203125,30.780596137046814,G4201成都绕城高速,1.7,53.2
411,103.99792313575745,30.78067123889923,G4201成都绕城高速,1.7,53.2
412,103.99986505508423,30.780746340751648,G4201成都绕城高速,1.7,53.2
413,104.00231659412384,30.780778527259827,G4201成都绕城高速,1.7,53.2
414,104.00308907032013,30.780773162841797,G4201成都绕城高速,1.7,53.2
415,104.00617361068726,30.78070878982544,G4201成都绕城高速,1.7,53.2
416,104.00731086730957,30.78067123889923,G4201成都绕城高速,1.7,53.2
417,104.00889873504639,30.780574679374695,G4201成都绕城高速,1.7,53.2
418,104.01008427143097,30.78048348426819,G4201成都绕城高速,1.7,53.2
419,104.0185546875,30.77990412712097,G4201成都绕城高速,1.7,53.2
420,104.01993334293365,30.779812932014465,G4201成都绕城高速,1.7,53.2
421,104.02232587337494,30.77966809272766,G4201成都绕城高速,1.7,53.2
422,104.02403712272644,30.779592990875244,G4201成都绕城高速,1.7,53.2
423,104.02490079402924,30.779587626457214,G4201成都绕城高速,1.7,53.2
424,104.02658522129059,30.779619812965393,G4201成都绕城高速,1.7,53.2
425,104.02800142765045,30.77969491481781,G4201成都绕城高速,1.7,53.2
426,104.02914941310883,30.779786109924316,G4201成都绕城高速,1.7,53.2
427,104.0307104587555,30.77997386455536,G4201成都绕城高速,1.7,53.2
428,104.03244853019714,30.78023135662079,G4201成都绕城高速,1.7,53.2
429,104.03411149978638,30.780547857284546,G4201成都绕城高速,1.7,53.2
430,104.03672397136688,30.781084299087524,G4201成都绕城高速,1.7,53.2
431,104.04052734375,30.78189969062805,G4201成都绕城高速,1.7,53.2
432,104.04157876968384,30.782124996185303,G4201成都绕城高速,1.7,53.2
433,104.04395520687103,30.782629251480103,G4201成都绕城高速,1.7,53.2
434,104.04494225978851,30.782838463783264,G4201成都绕城高速,1.7,53.2
435,104.04556453227997,30.78296720981598,G4201成都绕城高速,1.7,53.2
436,104.04574692249298,30.783004760742188,G4201成都绕城高速,1.7,53.2
437,104.0468841791153,30.783240795135498,G4201成都绕城高速,1.7,53.2
438,104.04796779155731,30.78346073627472,G4201成都绕城高速,1.7,53.2
439,104.04908895492554,30.78366458415985,G4201成都绕城高速,1.7,53.2
440,104.04925525188446,30.78369140625,G4201成都绕城高速,1.7,53.2
441,104.05183017253876,30.784083008766174,G4201成都绕城高速,1.7,53.2
442,104.05355751514435,30.784286856651306,G4201成都绕城高速,1.7,53.2
443,104.05472159385681,30.78441023826599,G4201成都绕城高速,1.7,53.2
444,104.05602514743805,30.784512162208557,G4201成都绕城高速,1.7,53.2
445,104.05628263950348,30.784528255462646,G4201成都绕城高速,1.7,53.2
446,104.05654549598694,30.784544348716736,G4201成都绕城高速,1.7,53.2
447,104.05744671821594,30.784597992897034,G4201成都绕城高速,1.7,53.2
448,104.05880391597748,30.78466773033142,G4201成都绕城高速,1.7,53.2
449,104.05971586704254,30.78468918800354,G4201成都绕城高速,1.7,53.2
450,104.06195282936096,30.78471064567566,G4201成都绕城高速,1.7,53.2
451,104.0625,30.7846999168396,G4201成都绕城高速,1.7,53.2
452,104.06568109989166,30.784597992897034,G4201成都绕城高速,1.7,53.2
453,104.07073974609375,30.78441560268402,G4201成都绕城高速,1.7,53.2
454,104.0715765953064,30.784383416175842,G4201成都绕城高速,1.7,53.2
455,104.072225689888,30.784361958503723,G4201成都绕城高速,1.7,53.2
456,104.0740978717804,30.784297585487366,G4201成都绕城高速,1.7,53.2
457,104.07639920711517,30.78422248363495,G4201成都绕城高速,1.7,53.2
458,104.07952129840851,30.7841956615448,G4201成都绕城高速,1.7,53.2
459,104.08002018928528,30.78420102596283,G4201成都绕城高速,1.7,53.2
460,104.0804386138916,30.78421175479889,G4201成都绕城高速,1.7,53.2
461,104.08085703849792,30.78422248363495,G4201成都绕城高速,1.7,53.2
462,104.08085703849792,30.78422248363495,G4201成都绕城高速,1.7,53.2
463,104.0837699174881,30.784329771995544,G4201成都绕城高速,1.7,53.2
464,104.08447265625,30.784372687339783,G4201成都绕城高速,1.7,53.2
465,104.08558309078217,30.78443706035614,G4201成都绕城高速,1.7,53.2
466,104.0872460603714,30.784565806388855,G4201成都绕城高速,1.7,53.2
467,104.0885442495346,30.78468918800354,G4201成都绕城高速,1.7,53.2
468,104.09838795661926,30.785568952560425,G4201成都绕城高速,1.7,53.2
469,104.09988462924957,30.78567624092102,G4201成都绕城高速,1.7,53.2
470,104.10065174102783,30.78571379184723,G4201成都绕城高速,1.7,53.2
471,104.10205721855164,30.785751342773438,G4201成都绕城高速,1.7,53.2
472,104.10425126552582,30.78568160533905,G4201成都绕城高速,1.7,53.2
473,104.1055977344513,30.785526037216187,G4201成都绕城高速,1.7,53.2
474,104.1064453125,30.78539729118347,G4201成都绕城高速,1.7,53.2
475,104.10650432109833,30.785386562347412,G4201成都绕城高速,1.7,53.2
476,104.10693347454071,30.785311460494995,G4201成都绕城高速,1.7,53.2
477,104.10785615444183,30.785129070281982,G4201成都绕城高速,1.7,53.2
478,104.10827994346619,30.785027146339417,G4201成都绕城高速,1.7,53.2
479,104.10984098911285,30.784597992897034,G4201成都绕城高速,1.7,53.2
480,104.11021113395691,30.784485340118408,G4201成都绕城高速,1.7,53.2
481,104.11104261875153,30.78418493270874,G4201成都绕城高速,1.7,53.2
482,104.1120457649231,30.783793330192566,G4201成都绕城高速,1.7,53.2
483,104.1122978925705,30.78369140625,G4201成都绕城高速,1.7,53.2
484,104.11355316638947,30.78316569328308,G4201成都绕城高速,1.7,53.2
485,104.11650896072388,30.781883597373962,G4201成都绕城高速,1.7,53.2
486,104.1182416677475,30.781148672103882,G4201成都绕城高速,1.7,53.2
487,104.11937355995178,30.780644416809082,G4201成都绕城高速,1.7,53.2
488,104.119952917099,30.780386924743652,G4201成都绕城高速,1.7,53.2
489,104.12200212478638,30.77947497367859,G4201成都绕城高速,1.7,53.2
490,104.12311255931854,30.77898681163788,G4201成都绕城高速,1.7,53.2
491,104.1256982088089,30.777860283851624,G4201成都绕城高速,1.7,53.2
492,104.12599325180054,30.77773153781891,G4201成都绕城高速,1.7,53.2
493,104.12654042243958,30.77749013900757,G4201成都绕城高速,1.7,53.2
494,104.12753820419312,30.777050256729126,G4201成都绕城高速,1.7,53.2
495,104.12841796875,30.77666401863098,G4201成都绕城高速,1.7,53.2
496,104.12844479084015,30.776653289794922,G4201成都绕城高速,1.7,53.2
497,104.13238227367401,30.77493131160736,G4201成都绕城高速,1.7,53.2
498,104.13361608982086,30.774384140968323,G4201成都绕城高速,1.7,53.2
499,104.1341096162796,30.77417492866516,G4201成都绕城高速,1.7,53.2
500,104.13540780544281,30.773600935935974,G4201成都绕城高速,1.7,53.2
501,104.13744628429413,30.772705078125,G4201成都绕城高速,1.7,53.2
502,104.150390625,30.76699733734131,G4201成都绕城高速,1.7,53.2
503,104.15085196495056,30.766793489456177,G4201成都绕城高速,1.7,53.2
504,104.15743410587311,30.763918161392212,G4201成都绕城高速,1.7,53.2
505,104.15773451328278,30.763784050941467,G4201成都绕城高速,1.7,53.2
506,104.15798127651215,30.76367676258087,G4201成都绕城高速,1.7,53.2
507,104.1592526435852,30.763049125671387,G4201成都绕城高速,1.7,53.2
508,104.16103899478912,30.762099623680115,G4201成都绕城高速,1.7,53.2
509,104.16168808937073,30.76171875,G4201成都绕城高速,1.7,53.2
510,104.16222989559174,30.761402249336243,G4201成都绕城高速,1.7,53.2
511,104.1635924577713,30.760533213615417,G4201成都绕城高速,1.7,53.2
512,104.16463315486908,30.759803652763367,G4201成都绕城高速,1.7,53.2
513,104.1658616065979,30.758880972862244,G4201成都绕城高速,1.7,53.2
514,104.16713833808899,30.757845640182495,G4201成都绕城高速,1.7,53.2
515,104.16942358016968,30.755909085273743,G4201成都绕城高速,1.7,53.2
516,104.16985809803009,30.75551211833954,G4201成都绕城高速,1.7,53.2
517,104.17236328125,30.75321614742279,G4201成都绕城高速,1.7,53.2
518,104.17372047901154,30.75196623802185,G4201成都绕城高速,1.7,53.2
519,104.17507231235504,30.750732421875,G4201成都绕城高速,1.7,53.2
520,104.17596817016602,30.749917030334473,G4201成都绕城高速,1.7,53.2
521,104.17678892612457,30.749171376228333,G4201成都绕城高速,1.7,53.2
522,104.17807638645172,30.74799656867981,G4201成都绕城高速,1.7,53.2
523,104.17854845523834,30.747567415237427,G4201成都绕城高速,1.7,53.2
524,104.18036162853241,30.745931267738342,G4201成都绕城高速,1.7,53.2
525,104.18125212192535,30.745099782943726,G4201成都绕城高速,1.7,53.2
526,104.18309211730957,30.74344754219055,G4201成都绕城高速,1.7,53.2
527,104.18715834617615,30.73974609375,G4201成都绕城高速,1.7,53.2
528,104.18889105319977,30.738179683685303,G4201成都绕城高速,1.7,53.2
529,104.18973863124847,30.737407207489014,G4201成都绕城高速,1.7,53.2
530,104.18973863124847,30.737407207489014,G4201成都绕城高速,1.7,53.2
531,104.19328987598419,30.734183192253113,G4201成都绕城高速,1.7,53.2
532,104.19349908828735,30.73399007320404,G4201成都绕城高速,1.7,53.2
533,104.19373512268066,30.73378622531891,G4201成都绕城高速,1.7,53.2
534,104.19397115707397,30.733577013015747,G4201成都绕城高速,1.7,53.2
535,104.1943359375,30.7332444190979,G4201成都绕城高速,1.7,53.2
536,104.19647634029388,30.73128640651703,G4201成都绕城高速,1.7,53.2
537,104.19738292694092,30.730374455451965,G4201成都绕城高速,1.7,53.2
538,104.19768333435059,30.73003113269806,G4201成都绕城高速,1.7,53.2
539,104.1980105638504,30.729644894599915,G4201成都绕城高速,1.7,53.2
540,104.1984611749649,30.72900652885437,G4201成都绕城高速,1.7,53.2
541,104.1986221075058,30.728759765625,G4201成都绕城高速,1.7,53.2
542,104.19869184494019,30.728652477264404,G4201成都绕城高速,1.7,53.2
543,104.1991800069809,30.72779417037964,G4201成都绕城高速,1.7,53.2
544,104.19943749904633,30.72724163532257,G4201成都绕城高速,1.7,53.2
545,104.19965744018555,30.726683735847473,G4201成都绕城高速,1.7,53.2
546,104.19987201690674,30.72598099708557,G4201成都绕城高速,1.7,53.2
547,104.2000275850296,30.725347995758057,G4201成都绕城高速,1.7,53.2
548,104.2001885175705,30.72453260421753,G4201成都绕城高速,1.7,53.2
549,104.20110583305359,30.7177734375,G4201成都绕城高速,1.7,53.2
550,104.20146524906158,30.715155601501465,G4201成都绕城高速,1.7,53.2
551,104.20197486877441,30.711352229118347,G4201成都绕城高速,1.7,53.2
552,104.20253276824951,30.70726454257965,G4201成都绕城高速,1.7,53.2
553,104.20259714126587,30.706787109375,G4201成都绕城高速,1.7,53.2
554,104.20315504074097,30.70252239704132,G4201成都绕城高速,1.7,53.2
555,104.204061627388,30.69580078125,G4201成都绕城高速,1.7,53.2
556,104.20478582382202,30.690441727638245,G4201成都绕城高速,1.7,53.2
557,104.20502722263336,30.68802237510681,G4201成都绕城高速,1.7,53.2
558,104.20511305332184,30.686751008033752,G4201成都绕城高速,1.7,53.2
559,104.20518815517426,30.684814453125,G4201成都绕城高速,1.7,53.2
560,104.20520961284637,30.68435311317444,G4201成都绕城高速,1.7,53.2
561,104.2052149772644,30.683714747428894,G4201成都绕城高速,1.7,53.2
562,104.20520424842834,30.67931056022644,G4201成都绕城高速,1.7,53.2
563,104.20525789260864,30.67781388759613,G4201成都绕城高速,1.7,53.2
564,104.20538663864136,30.67536234855652,G4201成都绕城高速,1.7,53.2
565,104.2054295539856,30.674997568130493,G4201成都绕城高速,1.7,53.2
566,104.20555293560028,30.673828125,G4201成都绕城高速,1.7,53.2
567,104.20556366443634,30.673715472221375,G4201成都绕城高速,1.7,53.2
568,104.20563340187073,30.67310929298401,G4201成都绕城高速,1.7,53.2
569,104.20598208904266,30.670657753944397,G4201成都绕城高速,1.7,53.2
570,104.20621812343597,30.669236183166504,G4201成都绕城高速,1.7,53.2
571,104.20702815055847,30.664150714874268,G4201成都绕城高速,1.7,53.2
572,104.2072319984436,30.662841796875,G4201成都绕城高速,1.7,53.2
573,104.207484126091,30.661146640777588,G4201成都绕城高速,1.7,53.2
574,104.20760750770569,30.659891366958618,G4201成都绕城高速,1.7,53.2
575,104.20763969421387,30.659403204917908,G4201成都绕城高速,1.7,53.2
576,104.20768797397614,30.658550262451172,G4201成都绕城高速,1.7,53.2
577,104.20770943164825,30.65739154815674,G4201成都绕城高速,1.7,53.2
578,104.2076826095581,30.656007528305054,G4201成都绕城高速,1.7,53.2
579,104.20763969421387,30.655288696289062,G4201成都绕城高速,1.7,53.2
580,104.2075914144516,30.65461277961731,G4201成都绕城高速,1.7,53.2
581,104.20751094818115,30.653969049453735,G4201成都绕城高速,1.7,53.2
582,104.20732319355011,30.652450919151306,G4201成都绕城高速,1.7,53.2
583,104.20722126960754,30.65185546875,G4201成都绕城高速,1.7,53.2
584,104.20714616775513,30.651410222053528,G4201成都绕城高速,1.7,53.2
585,104.20644879341125,30.647215247154236,G4201成都绕城高速,1.7,53.2
586,104.20633614063263,30.646555423736572,G4201成都绕城高速,1.7,53.2
587,104.20633614063263,30.646555423736572,G4201成都绕城高速,1.7,53.2
588,104.20600354671478,30.644522309303284,G4201成都绕城高速,1.7,53.2
589,104.20579969882965,30.64333140850067,G4201成都绕城高速,1.7,53.2
590,104.2054671049118,30.64138412475586,G4201成都绕城高速,1.7,53.2
591,104.20540273189545,30.640869140625,G4201成都绕城高速,1.7,53.2
592,104.20531153678894,30.640053749084473,G4201成都绕城高速,1.7,53.2
593,104.20523643493652,30.639286637306213,G4201成都绕城高速,1.7,53.2
594,104.20519888401031,30.638675093650818,G4201成都绕城高速,1.7,53.2
595,104.20517206192017,30.638063549995422,G4201成都绕城高速,1.7,53.2
596,104.20515596866608,30.636931657791138,G4201成都绕城高速,1.7,53.2
597,104.20518815517426,30.635697841644287,G4201成都绕城高速,1.7,53.2
598,104.20534908771515,30.632302165031433,G4201成都绕城高速,1.7,53.2
599,104.20540809631348,30.630569458007812,G4201成都绕城高速,1.7,53.2
600,104.2054295539856,30.630231499671936,G4201成都绕城高速,1.7,53.2
601,104.20545101165771,30.62989354133606,G4201成都绕城高速,1.7,53.2
602,104.20545101165771,30.6298828125,G4201成都绕城高速,1.7,53.2
603,104.20553147792816,30.62815546989441,G4201成都绕城高速,1.7,53.2
604,104.20556902885437,30.62742054462433,G4201成都绕城高速,1.7,53.2
605,104.2059338092804,30.619749426841736,G4201成都绕城高速,1.7,53.2
606,104.20596063137054,30.61910569667816,G4201成都绕城高速,1.7,53.2
607,104.2059713602066,30.618896484375,G4201成都绕城高速,1.7,53.2
608,104.20605182647705,30.61693847179413,G4201成都绕城高速,1.7,53.2
609,104.20605182647705,30.61635911464691,G4201成都绕城高速,1.7,53.2
610,104.20604109764099,30.615849494934082,G4201成都绕城高速,1.7,53.2
611,104.20599818229675,30.61513066291809,G4201成都绕城高速,1.7,53.2
612,104.20592308044434,30.614545941352844,G4201成都绕城高速,1.7,53.2
613,104.20582115650177,30.614025592803955,G4201成都绕城高速,1.7,53.2
614,104.20556902885437,30.613092184066772,G4201成都绕城高速,1.7,53.2
615,104.20547783374786,30.612823963165283,G4201成都绕城高速,1.7,53.2
616,104.20533299446106,30.61243772506714,G4201成都绕城高速,1.7,53.2
617,104.20519351959229,30.61211585998535,G4201成都绕城高速,1.7,53.2
618,104.20487701892853,30.611466765403748,G4201成都绕城高速,1.7,53.2
619,104.20463562011719,30.611048340797424,G4201成都绕城高速,1.7,53.2
620,104.20416355133057,30.610334873199463,G4201成都绕城高速,1.7,53.2
621,104.20381486415863,30.60986816883087,G4201成都绕城高速,1.7,53.2
622,104.20351982116699,30.609519481658936,G4201成都绕城高速,1.7,53.2
623,104.20317649841309,30.60914397239685,G4201成都绕城高速,1.7,53.2
624,104.20250594615936,30.608505606651306,G4201成都绕城高速,1.7,53.2
625,104.20198559761047,30.608071088790894,G4201成都绕城高速,1.7,53.2
626,104.20178174972534,30.60791015625,G4201成都绕城高速,1.7,53.2
627,104.20156717300415,30.607738494873047,G4201成都绕城高速,1.7,53.2
628,104.2002421617508,30.606805086135864,G4201成都绕城高速,1.7,53.2
629,104.1943359375,30.6029212474823,G4201成都绕城高速,1.7,53.2
630,104.18899834156036,30.59941291809082,G4201成都绕城高速,1.7,53.2
631,104.18774843215942,30.598506331443787,G4201成都绕城高速,1.7,53.2
632,104.18691694736481,30.597862601280212,G4201成都绕城高速,1.7,53.2
633,104.18577432632446,30.596923828125,G4201成都绕城高速,1.7,53.2
634,104.18553829193115,30.596725344657898,G4201成都绕城高速,1.7,53.2
635,104.18507695198059,30.596323013305664,G4201成都绕城高速,1.7,53.2
636,104.18435275554657,30.595663189888,G4201成都绕城高速,1.7,53.2
637,104.1830438375473,30.594365000724792,G4201成都绕城高速,1.7,53.2
638,104.18265223503113,30.59395730495453,G4201成都绕城高速,1.7,53.2
639,104.18192267417908,30.59314727783203,G4201成都绕城高速,1.7,53.2
640,104.1809892654419,30.592058300971985,G4201成都绕城高速,1.7,53.2
641,104.18028652667999,30.59115707874298,G4201成都绕城高速,1.7,53.2
642,104.17937994003296,30.58991253376007,G4201成都绕城高速,1.7,53.2
643,104.17900443077087,30.589370727539062,G4201成都绕城高速,1.7,53.2
644,104.1772073507309,30.586575865745544,G4201成都绕城高速,1.7,53.2
645,104.17678356170654,30.5859375,G4201成都绕城高速,1.7,53.2
646,104.17476117610931,30.582842230796814,G4201成都绕城高速,1.7,53.2
647,104.17397797107697,30.581737160682678,G4201成都绕城高速,1.7,53.2
648,104.17348980903625,30.581125617027283,G4201成都绕城高速,1.7,53.2
649,104.17324304580688,30.580830574035645,G4201成都绕城高速,1.7,53.2
650,104.1729211807251,30.58047115802765,G4201成都绕城高速,1.7,53.2
651,104.17236328125,30.57990789413452,G4201成都绕城高速,1.7,53.2
652,104.17222917079926,30.579779148101807,G4201成都绕城高速,1.7,53.2
653,104.17158544063568,30.57919442653656,G4201成都绕城高速,1.7,53.2
654,104.17085587978363,30.578609704971313,G4201成都绕城高速,1.7,53.2
655,104.17055547237396,30.578395128250122,G4201成都绕城高速,1.7,53.2
656,104.1702550649643,30.57818591594696,G4201成都绕城高速,1.7,53.2
657,104.16946113109589,30.57768166065216,G4201成都绕城高速,1.7,53.2
658,104.16898369789124,30.577402710914612,G4201成都绕城高速,1.7,53.2
659,104.16813611984253,30.57695746421814,G4201成都绕城高速,1.7,53.2
660,104.1677176952362,30.576758980751038,G4201成都绕城高速,1.7,53.2
661,104.16737973690033,30.576619505882263,G4201成都绕城高速,1.7,53.2
662,104.16688621044159,30.5764102935791,G4201成都绕城高速,1.7,53.2
663,104.16650533676147,30.576265454292297,G4201成都绕城高速,1.7,53.2
664,104.16488528251648,30.57568073272705,G4201成都绕城高速,1.7,53.2
665,104.1628360748291,30.575026273727417,G4201成都绕城高速,1.7,53.2
666,104.16260540485382,30.574951171875,G4201成都绕城高速,1.7,53.2
667,104.16189730167389,30.57472050189972,G4201成都绕城高速,1.7,53.2
668,104.16168808937073,30.574656128883362,G4201成都绕城高速,1.7,53.2
669,104.16139841079712,30.574559569358826,G4201成都绕城高速,1.7,53.2
670,104.16139841079712,30.574559569358826,G4201成都绕城高速,1.7,53.2
671,104.15721416473389,30.57320237159729,G4201成都绕城高速,1.7,53.2
672,104.15469288825989,30.572386980056763,G4201成都绕城高速,1.7,53.2
673,104.1532176733017,30.57195782661438,G4201成都绕城高速,1.7,53.2
674,104.15231108665466,30.57171106338501,G4201成都绕城高速,1.7,53.2
675,104.15067493915558,30.571308732032776,G4201成都绕城高速,1.7,53.2
676,104.150390625,30.57124435901642,G4201成都绕城高速,1.7,53.2
677,104.149129986763,30.5709707736969,G4201成都绕城高速,1.7,53.2
678,104.14773523807526,30.57070791721344,G4201成都绕城高速,1.7,53.2
679,104.14635121822357,30.57048261165619,G4201成都绕城高速,1.7,53.2
680,104.14477944374084,30.570257306098938,G4201成都绕城高速,1.7,53.2
681,104.14392650127411,30.570155382156372,G4201成都绕城高速,1.7,53.2
682,104.14247810840607,30.570015907287598,G4201成都绕城高速,1.7,53.2
683,104.12906169891357,30.5689537525177,G4201成都绕城高速,1.7,53.2
684,104.12841796875,30.568900108337402,G4201成都绕城高速,1.7,53.2
685,104.12753283977509,30.568841099739075,G4201成都绕城高速,1.7,53.2
686,104.1253387928009,30.568664073944092,G4201成都绕城高速,1.7,53.2
687,104.12032306194305,30.568267107009888,G4201成都绕城高速,1.7,53.2
688,104.11944329738617,30.5681973695755,G4201成都绕城高速,1.7,53.2
689,104.11749601364136,30.568084716796875,G4201成都绕城高速,1.7,53.2
690,104.11666989326477,30.568047165870667,G4201成都绕城高速,1.7,53.2
691,104.1141003370285,30.568014979362488,G4201成都绕城高速,1.7,53.2
692,104.11257684230804,30.568025708198547,G4201成都绕城高速,1.7,53.2
693,104.11077439785004,30.568079352378845,G4201成都绕城高速,1.7,53.2
694,104.11039352416992,30.568095445632935,G4201成都绕城高速,1.7,53.2
695,104.10674035549164,30.568352937698364,G4201成都绕城高速,1.7,53.2
696,104.1064453125,30.568374395370483,G4201成都绕城高速,1.7,53.2
697,104.1045731306076,30.568513870239258,G4201成都绕城高速,1.7,53.2
698,104.10270094871521,30.568658709526062,G4201成都绕城高速,1.7,53.2
699,104.10185873508453,30.56872844696045,G4201成都绕城高速,1.7,53.2
700,104.10097360610962,30.568792819976807,G4201成都绕城高速,1.7,53.2
701,104.100142121315,30.568835735321045,G4201成都绕城高速,1.7,53.2
702,104.0988278388977,30.568873286247253,G4201成都绕城高速,1.7,53.2
703,104.09816801548004,30.568873286247253,G4201成都绕城高速,1.7,53.2
704,104.09639239311218,30.568841099739075,G4201成都绕城高速,1.7,53.2
705,104.09467041492462,30.56874454021454,G4201成都绕城高速,1.7,53.2
706,104.09365117549896,30.568664073944092,G4201成都绕城高速,1.7,53.2
707,104.09266412258148,30.568556785583496,G4201成都绕城高速,1.7,53.2
708,104.09146785736084,30.568401217460632,G4201成都绕城高速,1.7,53.2
709,104.090416431427,30.56824564933777,G4201成都绕城高速,1.7,53.2
710,104.08616244792938,30.567526817321777,G4201成都绕城高速,1.7,53.2
711,104.08491790294647,30.567312240600586,G4201成都绕城高速,1.7,53.2
712,104.08447265625,30.56723713874817,G4201成都绕城高速,1.7,53.2
713,104.08389866352081,30.567140579223633,G4201成都绕城高速,1.7,53.2
714,104.08275067806244,30.56695282459259,G4201成都绕城高速,1.7,53.2
715,104.08194601535797,30.566807985305786,G4201成都绕城高速,1.7,53.2
716,104.08051371574402,30.566577315330505,G4201成都绕城高速,1.7,53.2
717,104.07905995845795,30.566362738609314,G4201成都绕城高速,1.7,53.2
718,104.0777188539505,30.56620180606842,G4201成都绕城高速,1.7,53.2
719,104.07684445381165,30.566115975379944,G4201成都绕城高速,1.7,53.2
720,104.07583594322205,30.566030144691467,G4201成都绕城高速,1.7,53.2
721,104.07517075538635,30.5659818649292,G4201成都绕城高速,1.7,53.2
722,103.53912055492401,30.491711497306824,N35县道,1.7,28.7
723,103.54123413562775,30.49329936504364,N35县道,1.7,28.7
724,103.54244112968445,30.494227409362793,N35县道,1.7,28.7
725,103.54292392730713,30.494678020477295,N35县道,1.7,28.7
726,103.54400753974915,30.495691895484924,N35县道,1.7,28.7
727,103.545241355896,30.496893525123596,N35县道,1.7,28.7
728,103.54564905166626,30.49729585647583,N35县道,1.7,28.7
729,103.54582071304321,30.497478246688843,N35县道,1.7,28.7
730,103.54643762111664,30.498046875,N35县道,1.7,28.7
731,103.54646444320679,30.49807369709015,N35县道,1.7,28.7
732,103.54743003845215,30.49904465675354,N35县道,1.7,28.7
733,103.54789137840271,30.499489903450012,N35县道,1.7,28.7
734,103.54813814163208,30.499672293663025,N35县道,1.7,28.7
735,103.54830980300903,30.49979031085968,N35县道,1.7,28.7
736,103.55041265487671,30.501185059547424,N35县道,1.7,28.7
737,103.55148553848267,30.501887798309326,N35县道,1.7,28.7
738,103.5517805814743,30.502091646194458,N35县道,1.7,28.7
739,103.55269253253937,30.502719283103943,N35县道,1.7,28.7
740,103.55473637580872,30.504103302955627,N35县道,1.7,28.7
741,103.55490267276764,30.504242777824402,N35县道,1.7,28.7
742,103.5552567243576,30.504650473594666,N35县道,1.7,28.7
743,103.55599701404572,30.505460500717163,N35县道,1.7,28.7
744,103.5563725233078,30.505868196487427,N35县道,1.7,28.7
745,103.55712890625,30.506688952445984,N35县道,1.7,28.7
746,103.55748295783997,30.5070698261261,N35县道,1.7,28.7
747,103.55759024620056,30.507187843322754,N35县道,1.7,28.7
748,103.55769217014313,30.50730049610138,N35县道,1.7,28.7
749,103.55796575546265,30.507590174674988,N35县道,1.7,28.7
750,103.55852901935577,30.508158802986145,N35县道,1.7,28.7
751,103.55888307094574,30.50854504108429,N35县道,1.7,28.7
752,103.55924248695374,30.509033203125,N35县道,1.7,28.7
753,103.55924785137177,30.50904393196106,N35县道,1.7,28.7
754,103.56064260005951,30.510948300361633,N35县道,1.7,28.7
755,103.56094300746918,30.511361360549927,N35县道,1.7,28.7
756,103.56154918670654,30.512133836746216,N35县道,1.7,28.7
757,103.56185495853424,30.51249861717224,N35县道,1.7,28.7
758,103.56291711330414,30.51378607749939,N35县道,1.7,28.7
759,103.56329262256622,30.514215230941772,N35县道,1.7,28.7
760,103.56374859809875,30.51477313041687,N35县道,1.7,28.7
761,103.56449961662292,30.515658259391785,N35县道,1.7,28.7
762,103.56480002403259,30.51603376865387,N35县道,1.7,28.7
763,103.56511116027832,30.516393184661865,N35县道,1.7,28.7
764,103.56556177139282,30.516934990882874,N35县道,1.7,28.7
765,103.56590509414673,30.517364144325256,N35县道,1.7,28.7
766,103.56596410274506,30.517385601997375,N35县道,1.7,28.7
767,103.56616795063019,30.517627000808716,N35县道,1.7,28.7
768,103.56630206108093,30.51778793334961,N35县道,1.7,28.7
769,103.56662392616272,30.518217086791992,N35县道,1.7,28.7
770,103.56709599494934,30.518935918807983,N35县道,1.7,28.7
771,103.5677021741867,30.51981031894684,N35县道,1.7,28.7
772,103.56783092021942,30.52001953125,N35县道,1.7,28.7
773,103.56790065765381,30.520132184028625,N35县道,1.7,28.7
774,103.568115234375,30.52047550678253,N35县道,1.7,28.7
775,103.56813669204712,30.520566701889038,N35县道,1.7,28.7
776,103.56829226016998,30.520834922790527,N35县道,1.7,28.7
777,103.56870532035828,30.521462559700012,N35县道,1.7,28.7
778,103.56949388980865,30.522658824920654,N35县道,1.7,28.7
779,103.57020199298859,30.52372634410858,N35县道,1.7,28.7
780,103.57035219669342,30.52398383617401,N35县道,1.7,28.7
781,103.57040047645569,30.5240535736084,N35县道,1.7,28.7
782,103.57063114643097,30.524407625198364,N35县道,1.7,28.7
783,103.53784382343292,30.40038764476776,新邛公路辅路,1.6,41.3
784,103.53878259658813,30.400301814079285,新邛公路辅路,1.6,41.3
785,103.53939950466156,30.400360822677612,新邛公路辅路,1.6,41.3
786,103.53939950466156,30.400360822677612,新邛公路辅路,1.6,41.3
787,103.54148626327515,30.400532484054565,新邛公路辅路,1.6,41.3
788,103.54284882545471,30.40065050125122,新邛公路辅路,1.6,41.3
789,103.54327261447906,30.400768518447876,新邛公路辅路,1.6,41.3
790,103.54512870311737,30.40090799331665,新邛公路辅路,1.6,41.3
791,103.54531645774841,30.40087580680847,新邛公路辅路,1.6,41.3
792,103.5464859008789,30.400967001914978,新邛公路辅路,1.6,41.3
793,103.54701697826385,30.400993824005127,新邛公路辅路,1.6,41.3
794,103.54740858078003,30.400988459587097,新邛公路辅路,1.6,41.3
795,103.54778945446014,30.400967001914978,新邛公路辅路,1.6,41.3
796,103.54827225208282,30.40091872215271,新邛公路辅路,1.6,41.3
797,103.54865849018097,30.400859713554382,新邛公路辅路,1.6,41.3
798,103.54892671108246,30.400806069374084,新邛公路辅路,1.6,41.3
799,103.54947924613953,30.40067195892334,新邛公路辅路,1.6,41.3
800,103.54981184005737,30.400570034980774,新邛公路辅路,1.6,41.3
801,103.55018734931946,30.400430560112,新邛公路辅路,1.6,41.3
802,103.55064868927002,30.400226712226868,新邛公路辅路,1.6,41.3
803,103.55090081691742,30.400097966194153,新邛公路辅路,1.6,41.3
804,103.55106174945831,30.400012135505676,新邛公路辅路,1.6,41.3
805,103.55152308940887,30.399749279022217,新邛公路辅路,1.6,41.3
806,103.55246722698212,30.399169921875,新邛公路辅路,1.6,41.3
807,103.55321824550629,30.39869785308838,新邛公路辅路,1.6,41.3
808,103.5545003414154,30.39789855480194,新邛公路辅路,1.6,41.3
809,103.55517089366913,30.397539138793945,新邛公路辅路,1.6,41.3
810,103.55578243732452,30.397244095802307,新邛公路辅路,1.6,41.3
811,103.55664610862732,30.3969007730484,新邛公路辅路,1.6,41.3
812,103.55712890625,30.396718382835388,新邛公路辅路,1.6,41.3
813,103.55812668800354,30.396375060081482,新邛公路辅路,1.6,41.3
814,103.56169402599335,30.3951358795166,新邛公路辅路,1.6,41.3
815,103.56475174427032,30.394084453582764,新邛公路辅路,1.6,41.3
816,103.56530964374542,30.39391815662384,新邛公路辅路,1.6,41.3
817,103.56576561927795,30.393800139427185,新邛公路辅路,1.6,41.3
818,103.5661518573761,30.393725037574768,新邛公路辅路,1.6,41.3
819,103.56695115566254,30.393601655960083,新邛公路辅路,1.6,41.3
820,103.56756806373596,30.393542647361755,新邛公路辅路,1.6,41.3
821,103.56809914112091,30.393510460853577,新邛公路辅路,1.6,41.3
822,103.56981039047241,30.39345681667328,新邛公路辅路,1.6,41.3
823,103.57125878334045,30.39340853691101,新邛公路辅路,1.6,41.3
824,103.57125878334045,30.39340853691101,新邛公路辅路,1.6,41.3
825,103.57202053070068,30.39340317249298,新邛公路辅路,1.6,41.3
826,103.57418239116669,30.393344163894653,新邛公路辅路,1.6,41.3
827,103.57695579528809,30.393274426460266,新邛公路辅路,1.6,41.3
828,103.57842564582825,30.393269062042236,新邛公路辅路,1.6,41.3
829,103.5791015625,30.393290519714355,新邛公路辅路,1.6,41.3
830,103.58057677745819,30.393344163894653,新邛公路辅路,1.6,41.3
831,103.58553349971771,30.393617749214172,新邛公路辅路,1.6,41.3
832,103.58895599842072,30.393805503845215,新邛公路辅路,1.6,41.3
833,103.58904182910919,30.393810868263245,新邛公路辅路,1.6,41.3
834,103.59097838401794,30.39389133453369,新邛公路辅路,1.6,41.3
835,103.59212636947632,30.39389669895172,新邛公路辅路,1.6,41.3
836,103.5934191942215,30.393869876861572,新邛公路辅路,1.6,41.3
837,103.60061287879944,30.393483638763428,新邛公路辅路,1.6,41.3
838,103.60079526901245,30.393472909927368,新邛公路辅路,1.6,41.3
839,103.60107421875,30.39345681667328,新邛公路辅路,1.6,41.3
840,103.60198080539703,30.39340853691101,新邛公路辅路,1.6,41.3
841,103.60522091388702,30.393231511116028,新邛公路辅路,1.6,41.3
842,103.60714137554169,30.393118858337402,新邛公路辅路,1.6,41.3
843,103.60806941986084,30.393081307411194,新邛公路辅路,1.6,41.3
844,103.60899209976196,30.393092036247253,新邛公路辅路,1.6,41.3
845,103.60972702503204,30.39314568042755,新邛公路辅路,1.6,41.3
846,103.61039221286774,30.39322078227997,新邛公路辅路,1.6,41.3
847,103.61138463020325,30.393370985984802,新邛公路辅路,1.6,41.3
848,103.61312806606293,30.39367139339447,新邛公路辅路,1.6,41.3
849,103.61587464809418,30.39413809776306,新邛公路辅路,1.6,41.3
850,103.61849248409271,30.394583344459534,新邛公路辅路,1.6,41.3
851,103.61927568912506,30.39470672607422,新邛公路辅路,1.6,41.3
852,103.61983358860016,30.394787192344666,新邛公路辅路,1.6,41.3
853,103.62134635448456,30.395050048828125,新邛公路辅路,1.6,41.3
854,103.62216174602509,30.39519488811493,新邛公路辅路,1.6,41.3
855,103.623046875,30.39539873600006,新邛公路辅路,1.6,41.3
856,103.62333655357361,30.395473837852478,新邛公路辅路,1.6,41.3
857,103.62363696098328,30.3956401348114,新邛公路辅路,1.6,41.3
858,103.43005120754242,30.536885261535645,晋新路,1.6,39.7
859,103.43120992183685,30.537373423576355,晋新路,1.6,39.7
860,103.43130111694336,30.537416338920593,晋新路,1.6,39.7
861,103.43226134777069,30.537840127944946,晋新路,1.6,39.7
862,103.43255639076233,30.53802251815796,晋新路,1.6,39.7
863,103.4327495098114,30.538178086280823,晋新路,1.6,39.7
864,103.43323230743408,30.5387145280838,晋新路,1.6,39.7
865,103.43393504619598,30.53950846195221,晋新路,1.6,39.7
866,103.43483090400696,30.54051697254181,晋新路,1.6,39.7
867,103.43514740467072,30.540871024131775,晋新路,1.6,39.7
868,103.4358286857605,30.54150938987732,晋新路,1.6,39.7
869,103.43634903430939,30.5419921875,晋新路,1.6,39.7
870,103.43744337558746,30.54301142692566,晋新路,1.6,39.7
871,103.43773305416107,30.5431991815567,晋新路,1.6,39.7
872,103.43829095363617,30.54345667362213,晋新路,1.6,39.7
873,103.43965888023376,30.544078946113586,晋新路,1.6,39.7
874,103.44062447547913,30.544545650482178,晋新路,1.6,39.7
875,103.44082295894623,30.544658303260803,晋新路,1.6,39.7
876,103.44105362892151,30.544824600219727,晋新路,1.6,39.7
877,103.44165444374084,30.545312762260437,晋新路,1.6,39.7
878,103.44245374202728,30.54596722126007,晋新路,1.6,39.7
879,103.44281315803528,30.54626226425171,晋新路,1.6,39.7
880,103.44477117061615,30.548037886619568,晋新路,1.6,39.7
881,103.44532370567322,30.54850995540619,晋新路,1.6,39.7
882,103.44554901123047,30.54870307445526,晋新路,1.6,39.7
883,103.44606935977936,30.549083948135376,晋新路,1.6,39.7
884,103.44672381877899,30.54952383041382,晋新路,1.6,39.7
885,103.447265625,30.549915432929993,晋新路,1.6,39.7
886,103.44734072685242,30.54996907711029,晋新路,1.6,39.7
887,103.44819366931915,30.550655722618103,晋新路,1.6,39.7
888,103.44882667064667,30.55121898651123,晋新路,1.6,39.7
889,103.45042526721954,30.552667379379272,晋新路,1.6,39.7
890,103.45075786113739,30.552924871444702,晋新路,1.6,39.7
891,103.45083832740784,30.552978515625,晋新路,1.6,39.7
892,103.45131039619446,30.553295016288757,晋新路,1.6,39.7
893,103.4520560503006,30.553799271583557,晋新路,1.6,39.7
894,103.45244228839874,30.554024577140808,晋新路,1.6,39.7
895,103.45271587371826,30.554153323173523,晋新路,1.6,39.7
896,103.4530109167099,30.55425524711609,晋新路,1.6,39.7
897,103.45327377319336,30.554319620132446,晋新路,1.6,39.7
898,103.45582187175751,30.5549418926239,晋新路,1.6,39.7
899,103.45627784729004,30.555043816566467,晋新路,1.6,39.7
900,103.45712542533875,30.55525302886963,晋新路,1.6,39.7
901,103.45745801925659,30.555403232574463,晋新路,1.6,39.7
902,103.45804810523987,30.55572509765625,晋新路,1.6,39.7
903,103.45828413963318,30.555859208106995,晋新路,1.6,39.7
904,103.45843970775604,30.55597186088562,晋新路,1.6,39.7
905,103.45862209796906,30.556127429008484,晋新路,1.6,39.7
906,103.45888495445251,30.556390285491943,晋新路,1.6,39.7
907,103.45908343791962,30.556567311286926,晋新路,1.6,39.7
908,103.45949649810791,30.556840896606445,晋新路,1.6,39.7
909,103.46018850803375,30.557291507720947,晋新路,1.6,39.7
910,103.46058547496796,30.557575821876526,晋新路,1.6,39.7
911,103.46095561981201,30.557806491851807,晋新路,1.6,39.7
912,103.46157252788544,30.558283925056458,晋新路,1.6,39.7
913,103.46259713172913,30.558793544769287,晋新路,1.6,39.7
914,103.46301019191742,30.55899202823639,晋新路,1.6,39.7
915,103.4643405675888,30.559662580490112,晋新路,1.6,39.7
916,103.46464097499847,30.559802055358887,晋新路,1.6,39.7
917,103.46493065357208,30.559877157211304,晋新路,1.6,39.7
918,103.46524715423584,30.559909343719482,晋新路,1.6,39.7
919,103.46894860267639,30.560322403907776,晋新路,1.6,39.7
920,103.46923828125,30.560376048088074,晋新路,1.6,39.7
921,103.46972107887268,30.56049406528473,晋新路,1.6,39.7
922,103.47178637981415,30.561046600341797,晋新路,1.6,39.7
923,103.47345471382141,30.56149184703827,晋新路,1.6,39.7
924,103.47392141819,30.561642050743103,晋新路,1.6,39.7
925,103.4741735458374,30.561765432357788,晋新路,1.6,39.7
926,103.47533226013184,30.562355518341064,晋新路,1.6,39.7
927,103.47847044467926,30.56396484375,晋新路,1.6,39.7
928,103.47870111465454,30.564082860946655,晋新路,1.6,39.7
929,103.47980082035065,30.564646124839783,晋新路,1.6,39.7
930,103.47987592220306,30.564667582511902,晋新路,1.6,39.7
931,103.48181247711182,30.565659999847412,晋新路,1.6,39.7
932,103.48388314247131,30.56672215461731,晋新路,1.6,39.7
933,103.48468244075775,30.567135214805603,晋新路,1.6,39.7
934,103.48640978336334,30.568020343780518,晋新路,1.6,39.7
935,103.48701059818268,30.568363666534424,晋新路,1.6,39.7
936,103.48776161670685,30.568792819976807,晋新路,1.6,39.7
937,103.48810493946075,30.5689537525177,晋新路,1.6,39.7
938,103.48856627941132,30.569141507148743,晋新路,1.6,39.7
939,103.489590883255,30.56967794895172,晋新路,1.6,39.7
940,103.4912109375,30.570525527000427,晋新路,1.6,39.7
941,103.49202632904053,30.57095468044281,晋新路,1.6,39.7
942,103.49210143089294,30.57098686695099,晋新路,1.6,39.7
943,103.49441885948181,30.57218849658966,晋新路,1.6,39.7
944,103.49592626094818,30.57297706604004,晋新路,1.6,39.7
945,103.59895527362823,30.65562129020691,白塔湖旅游专线,1.5,39.9
946,103.60107421875,30.655025839805603,白塔湖旅游专线,1.5,39.9
947,103.60256552696228,30.65460741519928,白塔湖旅游专线,1.5,39.9
948,103.60452890396118,30.654044151306152,白塔湖旅游专线,1.5,39.9
949,103.60622942447662,30.65357208251953,白塔湖旅游专线,1.5,39.9
950,103.60731303691864,30.653277039527893,白塔湖旅游专线,1.5,39.9
951,103.60776364803314,30.653191208839417,白塔湖旅游专线,1.5,39.9
952,103.60825181007385,30.65310001373291,白塔湖旅游专线,1.5,39.9
953,103.60902965068817,30.652955174446106,白塔湖旅游专线,1.5,39.9
954,103.6106926202774,30.65262794494629,白塔湖旅游专线,1.5,39.9
955,103.61090183258057,30.65259039402008,白塔湖旅游专线,1.5,39.9
956,103.61126661300659,30.652520656585693,白塔湖旅游专线,1.5,39.9
957,103.61221611499786,30.65233826637268,白塔湖旅游专线,1.5,39.9
958,103.6147266626358,30.65185546875,白塔湖旅游专线,1.5,39.9
959,103.61550986766815,30.651705265045166,白塔湖旅游专线,1.5,39.9
960,103.61746788024902,30.65133512020111,白塔湖旅游专线,1.5,39.9
961,103.61782729625702,30.651222467422485,白塔湖旅游专线,1.5,39.9
962,103.61797749996185,30.651152729988098,白塔湖旅游专线,1.5,39.9
963,103.61822426319122,30.650943517684937,白塔湖旅游专线,1.5,39.9
964,103.61834228038788,30.650804042816162,白塔湖旅游专线,1.5,39.9
965,103.61859977245331,30.650466084480286,白塔湖旅游专线,1.5,39.9
966,103.61887335777283,30.650171041488647,白塔湖旅游专线,1.5,39.9
967,103.62082064151764,30.647783875465393,白塔湖旅游专线,1.5,39.9
968,103.6213356256485,30.64711332321167,白塔湖旅游专线,1.5,39.9
969,103.6218935251236,30.646255016326904,白塔湖旅游专线,1.5,39.9
970,103.62269282341003,30.644790530204773,白塔湖旅游专线,1.5,39.9
971,103.62269282341003,30.644790530204773,白塔湖旅游专线,1.5,39.9
972,103.6229020357132,30.64435064792633,白塔湖旅游专线,1.5,39.9
973,103.623046875,30.64407706260681,白塔湖旅游专线,1.5,39.9
974,103.62382471561432,30.64260184764862,白塔湖旅游专线,1.5,39.9
975,103.6247581243515,30.640869140625,白塔湖旅游专线,1.5,39.9
976,103.62489759922028,30.6406170129776,白塔湖旅游专线,1.5,39.9
977,103.62519800662994,30.640069842338562,白塔湖旅游专线,1.5,39.9
978,103.62564325332642,30.639431476593018,白塔湖旅游专线,1.5,39.9
979,103.6261796951294,30.638809204101562,白塔湖旅游专线,1.5,39.9
980,103.6270272731781,30.637972354888916,白塔湖旅游专线,1.5,39.9
981,103.62760663032532,30.637446641921997,白塔湖旅游专线,1.5,39.9
982,103.62993478775024,30.635284781455994,白塔湖旅游专线,1.5,39.9
983,103.63083600997925,30.63438355922699,白塔湖旅游专线,1.5,39.9
984,103.63142609596252,30.63364863395691,白塔湖旅游专线,1.5,39.9
985,103.63179087638855,30.6331068277359,白塔湖旅游专线,1.5,39.9
986,103.63213956356049,30.63238263130188,白塔湖旅游专线,1.5,39.9
987,103.63220393657684,30.632243156433105,白塔湖旅游专线,1.5,39.9
988,103.63241851329803,30.63166916370392,白塔湖旅游专线,1.5,39.9
989,103.63293886184692,30.6298828125,白塔湖旅游专线,1.5,39.9
990,103.63294959068298,30.62985062599182,白塔湖旅游专线,1.5,39.9
991,103.63349676132202,30.627769231796265,白塔湖旅游专线,1.5,39.9
992,103.63436043262482,30.62442719936371,白塔湖旅游专线,1.5,39.9
993,103.63442480564117,30.62411606311798,白塔湖旅游专线,1.5,39.9
994,103.63445162773132,30.62386393547058,白塔湖旅游专线,1.5,39.9
995,103.63446235656738,30.622968077659607,白塔湖旅游专线,1.5,39.9
996,103.6344838142395,30.62267303466797,白塔湖旅游专线,1.5,39.9
997,103.63453209400177,30.622345805168152,白塔湖旅游专线,1.5,39.9
998,103.63461256027222,30.621948838233948,白塔湖旅游专线,1.5,39.9
999,103.63485932350159,30.621010065078735,白塔湖旅游专线,1.5,39.9
1000,103.63506317138672,30.620232224464417,白塔湖旅游专线,1.5,39.9
1001,103.6352401971817,30.619545578956604,白塔湖旅游专线,1.5,39.9
1002,103.63535821437836,30.619052052497864,白塔湖旅游专线,1.5,39.9
1003,103.6353850364685,30.618896484375,白塔湖旅游专线,1.5,39.9
1004,103.6354011297226,30.618794560432434,白塔湖旅游专线,1.5,39.9
1005,103.63541722297668,30.618542432785034,白塔湖旅游专线,1.5,39.9
1006,103.63539576530457,30.618220567703247,白塔湖旅游专线,1.5,39.9
1007,103.63535284996033,30.618043541908264,白塔湖旅游专线,1.5,39.9
1008,103.63528311252594,30.61786115169525,白塔湖旅游专线,1.5,39.9
1009,103.63519191741943,30.61767876148224,白塔湖旅游专线,1.5,39.9
1010,103.63507390022278,30.617507100105286,白塔湖旅游专线,1.5,39.9
1011,103.63496124744415,30.61737298965454,白塔湖旅游专线,1.5,39.9
1012,103.63481104373932,30.617233514785767,白塔湖旅游专线,1.5,39.9
1013,103.63463938236237,30.617099404335022,白塔湖旅游专线,1.5,39.9
1014,103.6344462633133,30.616981387138367,白塔湖旅游专线,1.5,39.9
1015,103.63411366939545,30.616841912269592,白塔湖旅游专线,1.5,39.9
1016,103.63389909267426,30.616777539253235,白塔湖旅游专线,1.5,39.9
1017,103.63364160060883,30.616723895072937,白塔湖旅游专线,1.5,39.9
1018,103.63285303115845,30.6166273355484,白塔湖旅游专线,1.5,39.9
1019,103.63187670707703,30.616546869277954,白塔湖旅游专线,1.5,39.9
1020,103.73737335205078,30.373367071151733,成新蒲快速路辅路,1.5,40.0
1021,103.7371963262558,30.373383164405823,成新蒲快速路辅路,1.5,40.0
1022,103.73708367347717,30.373361706733704,成新蒲快速路辅路,1.5,40.0
1023,103.73636484146118,30.373125672340393,成新蒲快速路辅路,1.5,40.0
1024,103.7338274717331,30.372267365455627,成新蒲快速路辅路,1.5,40.0
1025,103.73291015625,30.3719562292099,成新蒲快速路辅路,1.5,40.0
1026,103.7317407131195,30.371559262275696,成新蒲快速路辅路,1.5,40.0
1027,103.73168170452118,30.371543169021606,成新蒲快速路辅路,1.5,40.0
1028,103.7283182144165,30.370384454727173,成新蒲快速路辅路,1.5,40.0
1029,103.72669816017151,30.369842648506165,成新蒲快速路辅路,1.5,40.0
1030,103.72669816017151,30.369842648506165,成新蒲快速路辅路,1.5,40.0
1031,103.72608661651611,30.369633436203003,成新蒲快速路辅路,1.5,40.0
1032,103.72410714626312,30.36895751953125,成新蒲快速路辅路,1.5,40.0
1033,103.7240320444107,30.36893606185913,成新蒲快速路辅路,1.5,40.0
1034,103.71998727321625,30.367546677589417,成新蒲快速路辅路,1.5,40.0
1035,103.71889293193817,30.367155075073242,成新蒲快速路辅路,1.5,40.0
1036,103.71825993061066,30.366902947425842,成新蒲快速路辅路,1.5,40.0
1037,103.71798098087311,30.366768836975098,成新蒲快速路辅路,1.5,40.0
1038,103.71741235256195,30.36647915840149,成新蒲快速路辅路,1.5,40.0
1039,103.71695637702942,30.3662109375,成新蒲快速路辅路,1.5,40.0
1040,103.71691346168518,30.36618411540985,成新蒲快速路辅路,1.5,40.0
1041,103.71651649475098,30.36593198776245,成新蒲快速路辅路,1.5,40.0
1042,103.71594250202179,30.365524291992188,成新蒲快速路辅路,1.5,40.0
1043,103.71541142463684,30.365084409713745,成新蒲快速路辅路,1.5,40.0
1044,103.71534705162048,30.3650039434433,成新蒲快速路辅路,1.5,40.0
1045,103.71523439884186,30.364778637886047,成新蒲快速路辅路,1.5,40.0
1046,104.02889728546143,30.54646074771881,天府三街,1.5,26.2
1047,104.0302973985672,30.54648220539093,天府三街,1.5,26.2
1048,104.03056561946869,30.54648220539093,天府三街,1.5,26.2
1049,104.0307480096817,30.54648220539093,天府三街,1.5,26.2
1050,104.03150975704193,30.54651439189911,天府三街,1.5,26.2
1051,104.03158485889435,30.54651439189911,天府三街,1.5,26.2
1052,104.03230369091034,30.54651975631714,天府三街,1.5,26.2
1053,104.03421342372894,30.546541213989258,天府三街,1.5,26.2
1054,104.03686881065369,30.546568036079407,天府三街,1.5,26.2
1055,104.03699219226837,30.546568036079407,天府三街,1.5,26.2
1056,104.04010891914368,30.546594858169556,天府三街,1.5,26.2
1057,104.04017865657806,30.546594858169556,天府三街,1.5,26.2
1058,104.04052734375,30.546600222587585,天府三街,1.5,26.2
1059,104.04131054878235,30.546610951423645,天府三街,1.5,26.2
1060,104.04280722141266,30.546621680259705,天府三街,1.5,26.2
1061,104.04338121414185,30.546621680259705,天府三街,1.5,26.2
1062,104.04504954814911,30.546637773513794,天府三街,1.5,26.2
1063,104.0461653470993,30.546632409095764,天府三街,1.5,26.2
1064,104.0465247631073,30.546648502349854,天府三街,1.5,26.2
1065,104.04835402965546,30.546675324440002,天府三街,1.5,26.2
1066,104.04857933521271,30.546675324440002,天府三街,1.5,26.2
1067,104.05290305614471,30.54670751094818,天府三街,1.5,26.2
1068,104.05298352241516,30.54670751094818,天府三街,1.5,26.2
1069,104.0548986196518,30.54672360420227,天府三街,1.5,26.2
1070,104.05673861503601,30.54676651954651,天府三街,1.5,26.2
1071,104.05683517456055,30.54676651954651,天府三街,1.5,26.2
1072,104.05785977840424,30.54677188396454,天府三街,1.5,26.2
1073,104.05878245830536,30.546782612800598,天府三街,1.5,26.2
1074,104.06071364879608,30.546798706054688,天府三街,1.5,26.2
1075,104.0625,30.546804070472717,天府三街,1.5,26.2
1076,104.06290233135223,30.546809434890747,天府三街,1.5,26.2
1077,104.06429708003998,30.546804070472717,天府三街,1.5,26.2
1078,104.06440436840057,30.546809434890747,天府三街,1.5,26.2
1079,104.06574547290802,30.546809434890747,天府三街,1.5,26.2
1080,104.06715631484985,30.546809434890747,天府三街,1.5,26.2
1081,104.06806826591492,30.546820163726807,天府三街,1.5,26.2
1082,104.06883537769318,30.546814799308777,天府三街,1.5,26.2
1083,104.28149700164795,30.84610641002655,同旺路,1.5,31.9
1084,104.28167939186096,30.846197605133057,同旺路,1.5,31.9
1085,104.2822265625,30.846760869026184,同旺路,1.5,31.9
1086,104.28226947784424,30.846809148788452,同旺路,1.5,31.9
1087,104.28237676620483,30.846932530403137,同旺路,1.5,31.9
1088,104.28392708301544,30.84864914417267,同旺路,1.5,31.9
1089,104.28479611873627,30.849609375,同旺路,1.5,31.9
1090,104.28554177284241,30.850435495376587,同旺路,1.5,31.9
1091,104.28673803806305,30.851749777793884,同旺路,1.5,31.9
1092,104.28743004798889,30.852506160736084,同旺路,1.5,31.9
1093,104.28826689720154,30.853428840637207,同旺路,1.5,31.9
1094,104.28891062736511,30.8541476726532,同旺路,1.5,31.9
1095,104.28942561149597,30.854716300964355,同旺路,1.5,31.9
1096,104.28992986679077,30.855279564857483,同旺路,1.5,31.9
1097,104.28999423980713,30.8553546667099,同旺路,1.5,31.9
1098,104.29092228412628,30.856454372406006,同旺路,1.5,31.9
1099,104.29096519947052,30.856502652168274,同旺路,1.5,31.9
1100,104.29122805595398,30.856813788414,同旺路,1.5,31.9
1101,104.29149091243744,30.85712492465973,同旺路,1.5,31.9
1102,104.29168403148651,30.85735559463501,同旺路,1.5,31.9
1103,104.29274618625641,30.85861086845398,同旺路,1.5,31.9
1104,104.29333627223969,30.85931360721588,同旺路,1.5,31.9
1105,104.2938780784607,30.859946608543396,同旺路,1.5,31.9
1106,104.29443597793579,30.860595703125,同旺路,1.5,31.9
1107,104.295734167099,30.86211383342743,同旺路,1.5,31.9
1108,104.29613649845123,30.86259663105011,同旺路,1.5,31.9
1109,104.29744005203247,30.864136219024658,同旺路,1.5,31.9
1110,104.29796040058136,30.864753127098083,同旺路,1.5,31.9
1111,104.29863631725311,30.86556851863861,同旺路,1.5,31.9
1112,104.30026710033417,30.867472887039185,同旺路,1.5,31.9
